A,B,regime,stat,diff,ci_low,ci_high,p_value,n
PPO regime-adaptive,PPO regime-blind,ALL,sharpe,-0.1612328834749703,-0.48881653772124856,0.13424682651806336,0.306,1965
PPO regime-adaptive,PPO regime-blind,ALL,mean_daily_bp,-0.7304278361276288,-2.5788406903040797,1.1638165434817365,0.43466666666666665,1965
PPO regime-adaptive,PPO regime-blind,Normal_Market,mean_daily_bp,0.3438949038075144,-2.1194521952369936,2.731120648407951,0.7646666666666667,911
PPO regime-adaptive,PPO regime-blind,Weak_Bear,mean_daily_bp,0.1990765127956199,-2.6385871696715433,3.0643708751456242,0.8926666666666667,849
PPO regime-adaptive,PPO regime-blind,High_Volatility,mean_daily_bp,-9.354121535233745,-15.88516283798742,-3.511227560390729,0.0013333333333333333,205
PPO regime-adaptive (scaled),PPO regime-blind (scaled),ALL,sharpe,0.1678797273373445,-0.07255871707691684,0.4206438664073448,0.18066666666666667,1965
PPO regime-adaptive (scaled),PPO regime-blind (scaled),ALL,mean_daily_bp,0.7564254917160679,-0.6257191254495129,2.1727384482351146,0.286,1965
PPO regime-adaptive (scaled),PPO regime-blind (scaled),Normal_Market,mean_daily_bp,1.531917490313202,-0.44712991729202956,3.802492612767456,0.14466666666666667,911
PPO regime-adaptive (scaled),PPO regime-blind (scaled),Weak_Bear,mean_daily_bp,1.1677731223284185,-0.5007646312611032,3.0288201713528595,0.18533333333333332,849
PPO regime-adaptive (scaled),PPO regime-blind (scaled),High_Volatility,mean_daily_bp,-4.393366455171135,-11.085301317002138,1.8279073057367772,0.18666666666666668,205
PPO regime-adaptive,Buy & Hold,ALL,sharpe,-0.3271222143981495,-0.8898451886349682,0.2073573060902047,0.21333333333333335,1965
PPO regime-adaptive,Buy & Hold,ALL,mean_daily_bp,-2.8085479818268246,-7.626519105499388,2.1396208834469785,0.22666666666666666,1965
PPO regime-adaptive,Buy & Hold,Normal_Market,mean_daily_bp,-2.406621675976716,-10.08116917153045,5.602132568841468,0.5446666666666666,911
PPO regime-adaptive,Buy & Hold,Weak_Bear,mean_daily_bp,1.8934778988641305,-4.92613952380941,9.489625366373499,0.6026666666666667,849
PPO regime-adaptive,Buy & Hold,High_Volatility,mean_daily_bp,-24.067937432246676,-38.7559845849641,-9.930325558148166,0.0006666666666666666,205
PPO regime-adaptive (scaled),Buy & Hold,ALL,sharpe,-0.010666398486782025,-0.21124168837140855,0.17219304473423522,0.8846666666666667,1965
PPO regime-adaptive (scaled),Buy & Hold,ALL,mean_daily_bp,-1.1227264446391254,-3.5398261746307993,1.3092394681932562,0.35533333333333333,1965
PPO regime-adaptive (scaled),Buy & Hold,Normal_Market,mean_daily_bp,0.5640879262725509,-3.6330953680873104,5.2470572797363175,0.8253333333333334,911
PPO regime-adaptive (scaled),Buy & Hold,Weak_Bear,mean_daily_bp,1.2134921021438854,-2.101633316688374,4.716453614901083,0.46266666666666667,849
PPO regime-adaptive (scaled),Buy & Hold,High_Volatility,mean_daily_bp,-18.294128581806508,-29.742604453222143,-7.929609625537299,0.0,205
PPO regime-blind,Buy & Hold,ALL,sharpe,-0.16588933092317915,-0.6372125765971208,0.29983592562086786,0.47933333333333333,1965
PPO regime-blind,Buy & Hold,ALL,mean_daily_bp,-2.078120145699196,-5.866268323058617,1.7372132512628549,0.2613333333333333,1965
PPO regime-blind,Buy & Hold,Normal_Market,mean_daily_bp,-2.75051657978423,-9.317898276242033,4.06944182943662,0.42533333333333334,911
PPO regime-blind,Buy & Hold,Weak_Bear,mean_daily_bp,1.6944013860685105,-3.759849181164114,7.617973416303412,0.5566666666666666,849
PPO regime-blind,Buy & Hold,High_Volatility,mean_daily_bp,-14.713815897012932,-25.94126672499836,-4.451371145314993,0.002,205
PPO regime-blind (scaled),Buy & Hold,ALL,sharpe,-0.17854612582412652,-0.43896732644165853,0.07716745169881038,0.16866666666666666,1965
PPO regime-blind (scaled),Buy & Hold,ALL,mean_daily_bp,-1.8791519363551932,-4.2910805559325835,0.48047483467302804,0.13333333333333333,1965
PPO regime-blind (scaled),Buy & Hold,Normal_Market,mean_daily_bp,-0.9678295640406511,-4.262682288090805,2.505157631777139,0.5533333333333333,911
PPO regime-blind (scaled),Buy & Hold,Weak_Bear,mean_daily_bp,0.04571897981546691,-3.7688765570348237,4.065368913856161,0.9453333333333334,849
PPO regime-blind (scaled),Buy & Hold,High_Volatility,mean_daily_bp,-13.900762126635373,-26.335734153252815,-2.609535502064764,0.018666666666666668,205
