strategy,regime,n_stock_days,mean_daily_bp,sharpe,cum_return_sum
Buy & Hold,Normal_Market,911,2.22433082683871,0.2802711149198572,0.13905349122230048
Buy & Hold,Weak_Bear,849,-2.8219592267790077,-0.346232029971371,-0.2669409654636159
Buy & Hold,High_Volatility,205,29.243479658019698,3.7150817258543074,0.7911751815403947
ARIMA,Normal_Market,911,-12.333304586359155,-2.263512801165855,-0.6861089704519725
ARIMA,Weak_Bear,849,-16.890497745871738,-3.074246542654881,-0.7695195015689025
ARIMA,High_Volatility,205,3.7660923132832624,0.6466622120997926,0.07096525456195701
XGBoost,Normal_Market,911,-4.160129611541765,-0.6216286296983679,-0.34976997194286363
XGBoost,Weak_Bear,849,-14.548090359594912,-2.4067313970882496,-0.720656522363669
XGBoost,High_Volatility,205,15.64774012674369,2.4862844335974965,0.36409467030033005
PPO regime-adaptive,Normal_Market,911,-0.18229084913800575,-0.09466241705054575,-0.020642891073691882
PPO regime-adaptive,Weak_Bear,849,-0.9284813279148773,-0.5363018493744914,-0.07875604499139865
PPO regime-adaptive,High_Volatility,205,5.175542225773021,2.376198209239614,0.11055071721251797
PPO regime-blind,Normal_Market,911,-0.5261857529455202,-0.13153994630050908,-0.06414637933584255
PPO regime-blind,Weak_Bear,849,-1.1275578407104971,-0.27280410875415945,-0.10771063087715071
PPO regime-blind,High_Volatility,205,14.529663761006766,3.1945863118274027,0.33959133252731033
PPO regime-adaptive (scaled),Normal_Market,911,2.788418753111261,0.5741102819957896,0.2548171132189174
PPO regime-adaptive (scaled),Weak_Bear,849,-1.6084671246351223,-0.3011070848766705,-0.15380173782817363
PPO regime-adaptive (scaled),High_Volatility,205,10.94935107621319,2.4500223247391872,0.24512686253287708
PPO regime-blind (scaled),Normal_Market,911,1.256501262798059,0.21154756862935994,0.0767675576091178
PPO regime-blind (scaled),Weak_Bear,849,-2.7762402469635408,-0.5330902712485764,-0.23256872893500935
PPO regime-blind (scaled),High_Volatility,205,15.342717531384325,3.1017078723348477,0.3608198350790792
