stock,strategy,seed,total_return,ann_return,sharpe,sortino,max_drawdown,turnover,n_trades,win_rate_trades,win_rate_days,pct_in_market
RELIANCE,Buy & Hold,0,0.037079486141601725,0.02362060740620553,0.21625464837089525,0.3076083901985968,-0.27406110501092473,1.0824298986981291,1,,0.5139949109414759,1.0
RELIANCE,ARIMA,0,-0.39952295641187496,-0.27894704180232044,-1.9778875730843124,-2.5621332786462863,-0.39952295641187496,244.4999157322494,244,0.4262295081967213,0.4876847290640394,0.5165394402035624
RELIANCE,XGBoost,0,-0.1520902199042662,-0.10038588554449646,-0.5758912525762948,-0.8569672008917588,-0.3489253920332722,132.04908543428388,133,0.4393939393939394,0.48221343873517786,0.6437659033078881
RELIANCE,PPO regime-adaptive,0,0.0,0.0,0.0,0.0,0.0,0.0,0,,,0.0
RELIANCE,PPO regime-adaptive,1,0.10174003884745897,0.06409901023426556,0.41316453589265356,0.6174652571427651,-0.27362009221928296,1.0167553165384966,1,,0.5140664961636828,0.9949109414758269
RELIANCE,PPO regime-adaptive,2,0.0,0.0,0.0,0.0,0.0,0.0,0,,,0.0
RELIANCE,PPO regime-blind,0,0.11991832823737325,0.07532400370523828,0.46658929855108955,0.6985145208730398,-0.27303546105203724,0.9975513428249507,1,,0.5153061224489796,0.9974554707379135
RELIANCE,PPO regime-blind,1,0.11991832823737325,0.07532400370523828,0.46658929855108955,0.6985145208730398,-0.27303546105203724,0.9975513428249507,1,,0.5153061224489796,0.9974554707379135
RELIANCE,PPO regime-blind,2,0.0,0.0,0.0,0.0,0.0,0.0,0,,,0.0
RELIANCE,PPO regime-adaptive (scaled),0,0.06794076928839377,0.04304982173514471,0.31298233468544306,0.46565737537437096,-0.27156619855512076,1.0523493300192321,2,,0.5089974293059126,0.989821882951654
RELIANCE,PPO regime-adaptive (scaled),1,0.08593333325254315,0.05428433625252094,0.3684036613289239,0.5493326813402343,-0.27363679206799363,1.0319559907607756,1,,0.5092348284960422,0.9643765903307888
RELIANCE,PPO regime-adaptive (scaled),2,0.0,0.0,0.0,0.0,0.0,0.0,0,,,0.0
RELIANCE,PPO regime-blind (scaled),0,0.1698494066583831,0.10582495404923264,0.7130899984376554,1.0926383770421155,-0.26304836655840613,4.866606855860453,5,0.5,0.51440329218107,0.6183206106870229
RELIANCE,PPO regime-blind (scaled),1,0.037079486141601725,0.02362060740620553,0.21625464837089525,0.3076083901985968,-0.27406110501092473,1.0824298986981291,1,,0.5139949109414759,1.0
RELIANCE,PPO regime-blind (scaled),2,0.037079486141601725,0.02362060740620553,0.21625464837089525,0.3076083901985968,-0.27406110501092473,1.0824298986981291,1,,0.5139949109414759,1.0
TCS,Buy & Hold,0,-0.13138323295103882,-0.08635950649809054,-0.36186078990002346,-0.5401163690484303,-0.35520771762224124,0.9701639545433687,1,,0.4529262086513995,1.0
TCS,ARIMA,0,-0.3715319409246064,-0.2575710762621114,-2.4705593285525227,-3.2530564534244872,-0.4313828781394202,177.77834736511883,177,0.26136363636363635,0.41358024691358025,0.4122137404580153
TCS,XGBoost,0,-0.3429818692937189,-0.2361172543097697,-1.725837642175045,-2.319160957368824,-0.41536055033291475,152.255721445122,157,0.44871794871794873,0.4538152610441767,0.6335877862595419
TCS,PPO regime-adaptive,0,0.0,0.0,0.0,0.0,0.0,0.0,0,,,0.0
TCS,PPO regime-adaptive,1,-0.2274561363508728,-0.15251128001565717,-0.8088922838493503,-1.1519335691724275,-0.3538452348418252,1.085329975351147,1,,0.4465753424657534,0.9287531806615776
TCS,PPO regime-adaptive,2,0.0,0.0,0.0,0.0,0.0,0.0,0,,,0.0
TCS,PPO regime-blind,0,-0.2269865211967832,-0.1521809762505808,-0.7885361136201845,-1.1243004076209993,-0.3583735448372184,1.1184770487788165,2,,0.44505494505494503,0.926208651399491
TCS,PPO regime-blind,1,-0.23040505444076553,-0.15458705024194663,-0.7995047144800858,-1.1396270673627353,-0.35950530842870765,1.1263402823229927,2,,0.4465753424657534,0.9287531806615776
TCS,PPO regime-blind,2,0.0,0.0,0.0,0.0,0.0,0.0,0,,,0.0
TCS,PPO regime-adaptive (scaled),0,-0.17424776305467116,-0.11553166734279363,-0.5244019517697314,-0.7770369959016491,-0.3580967575877223,1.030168053664535,1,,0.4473007712082262,0.989821882951654
TCS,PPO regime-adaptive (scaled),1,-0.1663387354453154,-0.11010891218971441,-0.4899748538630739,-0.7275957408461837,-0.35891131483828975,1.0463850190432205,2,,0.4484536082474227,0.9872773536895675
TCS,PPO regime-adaptive (scaled),2,0.0,0.0,0.0,0.0,0.0,0.0,0,,,0.0
TCS,PPO regime-blind (scaled),0,-0.20882164235259815,-0.13945938965360705,-1.0029987141417391,-1.3685732538549669,-0.29123604766404954,1.092544339393631,1,,0.4260869565217391,0.5852417302798982
TCS,PPO regime-blind (scaled),1,-0.11424956343222914,-0.0748440899428241,-0.6607520185498422,-0.9228850750222014,-0.2000555766158223,1.0281038847022859,1,,0.422360248447205,0.40966921119592875
TCS,PPO regime-blind (scaled),2,-0.25290226857385,-0.17051813823049755,-0.9342611714186173,-1.3241897208209241,-0.3623634003552014,1.143841907744637,1,,0.43731778425655976,0.8727735368956743
HDFCBANK,Buy & Hold,0,0.25604475644523705,0.15740191278032234,0.905004868574876,1.2994207261125137,-0.12848684247255693,0.8593370061728557,1,,0.5216284987277354,1.0
HDFCBANK,ARIMA,0,-0.40097191712098,-0.2800631942378279,-2.3770763745349557,-3.0030301135359707,-0.40607115657066073,248.72264894473597,249,0.33064516129032256,0.43414634146341463,0.5216284987277354
HDFCBANK,XGBoost,0,-0.2822088755087522,-0.1915318905810014,-1.406560112419443,-1.8673217645957878,-0.33951575906757125,147.42852176836018,145,0.4166666666666667,0.4728682170542636,0.6564885496183206
HDFCBANK,PPO regime-adaptive,0,0.0,0.0,0.0,0.0,0.0,0.0,0,,,0.0
HDFCBANK,PPO regime-adaptive,1,0.059725802800298045,0.037897859767570985,0.4705641665192247,0.7226918563807186,-0.06696422205553998,0.9679886738212687,1,,0.5056179775280899,0.4529262086513995
HDFCBANK,PPO regime-adaptive,2,0.0,0.0,0.0,0.0,0.0,0.0,0,,,0.0
HDFCBANK,PPO regime-blind,0,0.26461394834749297,0.16245895683752654,0.9752834877510668,1.4238669155822636,-0.12863739007502228,0.8546339962972395,1,,0.5180412371134021,0.9872773536895675
HDFCBANK,PPO regime-blind,1,0.2549291262458977,0.15674262268104688,0.9452259444295706,1.3783447657562913,-0.12860778529223826,0.8609637700363453,1,,0.519280205655527,0.989821882951654
HDFCBANK,PPO regime-blind,2,0.0,0.0,0.0,0.0,0.0,0.0,0,,,0.0
HDFCBANK,PPO regime-adaptive (scaled),0,0.1856398195458724,0.11537293264432513,0.7383639903589853,1.0640261233026127,-0.12855851776967886,0.9099928280020952,1,,0.5131578947368421,0.9669211195928753
HDFCBANK,PPO regime-adaptive (scaled),1,0.1735234513659718,0.10805064292112965,0.8015384369088513,1.2030365765460314,-0.12880827195486866,0.9182933821819652,1,,0.5116279069767442,0.7659033078880407
HDFCBANK,PPO regime-adaptive (scaled),2,0.040254878553100504,0.025629210335541552,0.7223317187005251,1.2408473867539045,-0.02375723867231816,1.982371606396553,2,1.0,0.6363636363636364,0.027989821882951654
HDFCBANK,PPO regime-blind (scaled),0,0.0,0.0,0.0,0.0,0.0,0.0,0,,,0.0
HDFCBANK,PPO regime-blind (scaled),1,0.11731167781836449,0.07371844844949815,0.5159077756527293,0.7316271653720638,-0.12838610181207832,0.9620495113216047,1,,0.510752688172043,0.9465648854961832
HDFCBANK,PPO regime-blind (scaled),2,0.11731167781836449,0.07371844844949815,0.5159077756527293,0.7316271653720638,-0.12838610181207832,0.9620495113216047,1,,0.510752688172043,0.9465648854961832
ICICIBANK,Buy & Hold,0,0.15495571815848286,0.0967767336914993,0.5960623339402984,0.8582604992063859,-0.11298659691771551,0.8792180223904204,1,,0.5114503816793893,1.0
ICICIBANK,ARIMA,0,-0.35076186148320065,-0.2419297551115901,-2.095707944498127,-2.662136600459471,-0.35076186148320065,212.07741714762966,216,0.35185185185185186,0.41968911917098445,0.4910941475826972
ICICIBANK,XGBoost,0,-0.26165605390147606,-0.17676339240467542,-1.169852944059975,-1.5617236402546069,-0.2969922494569016,120.57909214787696,119,0.4406779661016949,0.47368421052631576,0.7251908396946565
ICICIBANK,PPO regime-adaptive,0,0.0,0.0,0.0,0.0,0.0,0.0,0,,,0.0
ICICIBANK,PPO regime-adaptive,1,0.058665293723895395,0.03723172595091806,0.3272165199584969,0.4912216634683199,-0.11191222577033644,0.9393293926540449,1,,0.5,0.7582697201017812
ICICIBANK,PPO regime-adaptive,2,0.0,0.0,0.0,0.0,0.0,0.0,0,,,0.0
ICICIBANK,PPO regime-blind,0,0.04753259585344094,0.030224470686143867,0.2854942901963824,0.42277144724762966,-0.11298517444750367,0.9576188891145677,1,,0.5,0.72264631043257
ICICIBANK,PPO regime-blind,1,0.058665293723895395,0.03723172595091806,0.3272165199584969,0.4912216634683199,-0.11191222577033644,0.9393293926540449,1,,0.5,0.7582697201017812
ICICIBANK,PPO regime-blind,2,0.0,0.0,0.0,0.0,0.0,0.0,0,,,0.0
ICICIBANK,PPO regime-adaptive (scaled),0,0.18987724935807804,0.11792739645258798,0.7458698530148373,1.1422957605598245,-0.11229551621520983,0.8462758828060977,1,,0.5077319587628866,0.9872773536895675
ICICIBANK,PPO regime-adaptive (scaled),1,0.13827350402767746,0.08659209022207337,0.6299063280328442,0.9504349320197126,-0.1104108598460446,4.927284048154727,5,1.0,0.5290102389078498,0.7455470737913485
ICICIBANK,PPO regime-adaptive (scaled),2,0.0,0.0,0.0,0.0,0.0,0.0,0,,,0.0
ICICIBANK,PPO regime-blind (scaled),0,0.12147438042326542,0.07628180836024123,0.5877267763667925,0.8871059597126632,-0.12060028756975405,5.006613260958671,5,1.0,0.5261044176706827,0.6335877862595419
ICICIBANK,PPO regime-blind (scaled),1,0.0,0.0,0.0,0.0,0.0,0.0,0,,,0.0
ICICIBANK,PPO regime-blind (scaled),2,0.15495571815848286,0.0967767336914993,0.5960623339402984,0.8582604992063859,-0.11298659691771551,0.8792180223904204,1,,0.5114503816793893,1.0
INFY,Buy & Hold,0,0.1444858635064734,0.09039101001234529,0.4790346072280121,0.7067398705400667,-0.2985965449394361,0.8290851470805558,1,,0.5190839694656488,1.0
INFY,ARIMA,0,-0.4720927282611692,-0.3361070887692452,-2.6044228839602095,-3.410595807114506,-0.5358435519163078,261.3484573190891,262,0.29770992366412213,0.4030612244897959,0.49872773536895676
INFY,XGBoost,0,-0.1607984678919664,-0.10632126554294274,-0.48871973831899534,-0.6975193963783692,-0.44567775299921475,168.47654995682365,170,0.4117647058823529,0.5194805194805194,0.5877862595419847
INFY,PPO regime-adaptive,0,0.0,0.0,0.0,0.0,0.0,0.0,0,,,0.0
INFY,PPO regime-adaptive,1,0.0,0.0,0.0,0.0,0.0,0.0,0,,,0.0
INFY,PPO regime-adaptive,2,0.0,0.0,0.0,0.0,0.0,0.0,0,,,0.0
INFY,PPO regime-blind,0,0.0,0.0,0.0,0.0,0.0,0.0,0,,,0.0
INFY,PPO regime-blind,1,0.0,0.0,0.0,0.0,0.0,0.0,0,,,0.0
INFY,PPO regime-blind,2,0.0,0.0,0.0,0.0,0.0,0.0,0,,,0.0
INFY,PPO regime-adaptive (scaled),0,0.1444858635064734,0.09039101001234529,0.4790346072280121,0.7067398705400667,-0.2985965449394361,0.8290851470805558,1,,0.5190839694656488,1.0
INFY,PPO regime-adaptive (scaled),1,0.13455742962872774,0.0843161180496832,0.465265844001123,0.6819828389912582,-0.3013728514034004,2.742960170699609,3,1.0,0.5219941348973607,0.8676844783715013
INFY,PPO regime-adaptive (scaled),2,0.03156642417069877,0.02012805607979118,0.42127927692668954,0.7999488039623405,-0.04361220610607264,5.944669691971457,6,0.6666666666666666,0.45,0.05089058524173028
INFY,PPO regime-blind (scaled),0,0.0,0.0,0.0,0.0,0.0,0.0,0,,,0.0
INFY,PPO regime-blind (scaled),1,0.07483658012755834,0.04736351572833408,0.3133772854778924,0.4558617689361028,-0.29955182297542715,0.8868799964047429,1,,0.5195822454308094,0.9745547073791349
INFY,PPO regime-blind (scaled),2,0.1444858635064734,0.09039101001234529,0.4790346072280121,0.7067398705400667,-0.2985965449394361,0.8290851470805558,1,,0.5190839694656488,1.0
