strategy,stock,total_return,sharpe,max_drawdown,pct_in_market,n_trades
ARIMA,HDFCBANK,-0.40097191712098,-2.3770763745349557,-0.40607115657066073,0.5216284987277354,249.0
ARIMA,ICICIBANK,-0.35076186148320065,-2.095707944498127,-0.35076186148320065,0.4910941475826972,216.0
ARIMA,INFY,-0.4720927282611692,-2.6044228839602095,-0.5358435519163078,0.49872773536895676,262.0
ARIMA,RELIANCE,-0.39952295641187496,-1.9778875730843124,-0.39952295641187496,0.5165394402035624,244.0
ARIMA,TCS,-0.3715319409246064,-2.4705593285525227,-0.4313828781394202,0.4122137404580153,177.0
Buy & Hold,HDFCBANK,0.25604475644523705,0.905004868574876,-0.12848684247255693,1.0,1.0
Buy & Hold,ICICIBANK,0.15495571815848286,0.5960623339402984,-0.11298659691771551,1.0,1.0
Buy & Hold,INFY,0.1444858635064734,0.4790346072280121,-0.2985965449394361,1.0,1.0
Buy & Hold,RELIANCE,0.037079486141601725,0.21625464837089525,-0.27406110501092473,1.0,1.0
Buy & Hold,TCS,-0.13138323295103882,-0.36186078990002346,-0.35520771762224124,1.0,1.0
PPO regime-adaptive,HDFCBANK,0.01990860093343268,0.15685472217307492,-0.02232140735184666,0.15097540288379982,0.3333333333333333
PPO regime-adaptive,ICICIBANK,0.01955509790796513,0.10907217331949896,-0.03730407525677881,0.2527565733672604,0.3333333333333333
PPO regime-adaptive,INFY,0.0,0.0,0.0,0.0,0.0
PPO regime-adaptive,RELIANCE,0.03391334628248632,0.13772151196421786,-0.09120669740642766,0.3316369804919423,0.3333333333333333
PPO regime-adaptive,TCS,-0.0758187121169576,-0.26963076128311675,-0.11794841161394172,0.3095843935538592,0.3333333333333333
PPO regime-adaptive (scaled),HDFCBANK,0.13313938315498156,0.7540780486561206,-0.0937080094656219,0.5869380831212893,1.3333333333333333
PPO regime-adaptive (scaled),ICICIBANK,0.1093835844619185,0.4585920603492271,-0.07423545868708481,0.5776081424936387,2.0
PPO regime-adaptive (scaled),INFY,0.10353657243529997,0.4551932427186082,-0.21452720081630305,0.6395250212044105,3.3333333333333335
PPO regime-adaptive (scaled),RELIANCE,0.05129136751364564,0.2271286653381223,-0.1817343302077048,0.6513994910941476,1.0
PPO regime-adaptive (scaled),TCS,-0.11352883283332886,-0.33812560187760177,-0.23900269080867068,0.6590330788804072,1.0
PPO regime-blind,HDFCBANK,0.17318102486446355,0.6401698107268792,-0.08574839178908684,0.6590330788804072,0.6666666666666666
PPO regime-blind,ICICIBANK,0.03539929652577878,0.2042369367182931,-0.07496580007261337,0.49363867684478374,0.6666666666666666
PPO regime-blind,INFY,0.0,0.0,0.0,0.0,0.0
PPO regime-blind,RELIANCE,0.07994555215824883,0.31105953236739303,-0.18202364070135815,0.6649703138252757,0.6666666666666666
PPO regime-blind,TCS,-0.15246385854584957,-0.5293469427000901,-0.23929295108864201,0.6183206106870229,1.3333333333333333
PPO regime-blind (scaled),HDFCBANK,0.07820778521224299,0.3439385171018195,-0.08559073454138555,0.6310432569974554,0.6666666666666666
PPO regime-blind (scaled),ICICIBANK,0.0921433661939161,0.39459637010236365,-0.07786229482915652,0.544529262086514,2.0
PPO regime-blind (scaled),INFY,0.07310748121134392,0.26413729756863485,-0.19938278930495443,0.6581849024597116,0.6666666666666666
PPO regime-blind (scaled),RELIANCE,0.08133612631386218,0.381866431726482,-0.27039019219341853,0.8727735368956743,2.3333333333333335
PPO regime-blind (scaled),TCS,-0.1919911581195591,-0.866003968036733,-0.28455167487835775,0.6225614927905004,1.0
XGBoost,HDFCBANK,-0.2822088755087522,-1.406560112419443,-0.33951575906757125,0.6564885496183206,145.0
XGBoost,ICICIBANK,-0.26165605390147606,-1.169852944059975,-0.2969922494569016,0.7251908396946565,119.0
XGBoost,INFY,-0.1607984678919664,-0.48871973831899534,-0.44567775299921475,0.5877862595419847,170.0
XGBoost,RELIANCE,-0.1520902199042662,-0.5758912525762948,-0.3489253920332722,0.6437659033078881,133.0
XGBoost,TCS,-0.3429818692937189,-1.725837642175045,-0.41536055033291475,0.6335877862595419,157.0
