split,strategy,n_seeds,total_return,ann_return,sharpe,sortino,max_drawdown,turnover,n_trades,win_rate_trades,win_rate_days,pct_in_market,sharpe_std,total_return_std
validation,Buy & Hold,1,0.260890602371713,0.1611456997198546,0.8909997068138441,1.4123190293567869,-0.19370638707919285,0.9127792105104781,1.0,,0.5038363171355499,1.0,,
validation,ARIMA,1,-0.34798156059749286,-0.2409152722219723,-1.9285956391199361,-2.782379791756755,-0.3553301158057559,208.73857512068298,211.0,0.3904761904761905,0.4372093023255814,0.5498721227621484,,
validation,XGBoost,1,0.006356558098648435,0.0040921941887646085,0.10121952481544876,0.16651807952539485,-0.18490061336537855,136.3226552565322,137.0,0.4852941176470588,0.5019607843137255,0.6521739130434783,,
validation,PPO regime-blind,3,0.0,0.0,0.0,0.0,0.0,0.0,0.0,,,0.0,0.0,0.0
validation,PPO regime-adaptive,3,0.07005605243005908,0.04378020209636194,0.2915678931911221,0.4535918364666074,-0.08886192965883606,0.6445960480721905,0.6666666666666666,,0.4920848267622461,0.3861892583120205,0.38538132228688216,0.11018993147389469
validation,PPO regime-blind (scaled),3,0.09656158145893994,0.059388948672733845,0.3250374890560654,0.5203964286645416,-0.06456879569306428,1.0738317124483956,1.0,1.0,0.5051282051282051,0.33248081841432225,0.5629814454097181,0.16724956514608483
validation,PPO regime-adaptive (scaled),3,-0.04277822478375726,-0.028239031870222513,-0.29680776794452723,-0.4089596012078071,-0.0643023791166466,0.6909921422425972,0.6666666666666666,0.0,0.38372093023255816,0.07331628303495312,0.5140861341610343,0.07409405878306972
test,Buy & Hold,1,0.037079486141601725,0.02362060740620553,0.21625464837089525,0.3076083901985968,-0.27406110501092473,1.0824298986981291,1.0,,0.5139949109414759,1.0,,
test,ARIMA,1,-0.39952295641187496,-0.27894704180232044,-1.9778875730843124,-2.5621332786462863,-0.39952295641187496,244.4999157322494,244.0,0.4262295081967213,0.4876847290640394,0.5165394402035624,,
test,XGBoost,1,-0.17490650308207212,-0.11598416542384604,-0.6897538997478123,-1.0243020061859984,-0.3508696343938298,129.90255365633482,129.0,0.390625,0.47580645161290325,0.6310432569974554,,
test,PPO regime-blind,3,0.043703810010725284,0.027702677761131927,0.21255385124417367,0.3139250508595369,-0.18321100741003118,1.6148562301349418,1.6666666666666667,0.5,0.5192382867035237,0.5224766751484308,0.1856400211627332,0.03803636559489202
test,PPO regime-adaptive,3,0.1005392463272734,0.06327872075194955,0.4093235330258678,0.6117470304278604,-0.2726186105212529,1.0137395148459125,1.0,,0.5123913082293284,0.9881255301102629,0.09918721542401025,0.033565554472331866
test,PPO regime-blind (scaled),3,0.02534735240196495,0.016038861482762973,0.11317976990784738,0.1683549008273002,-0.0907260161787884,0.3447779126898018,0.3333333333333333,,0.5079365079365079,0.3206106870229008,0.19603311186934674,0.04390290219755631
test,PPO regime-adaptive (scaled),3,0.011967763294254308,0.007648169452812621,0.10184197448440892,0.14859226336854642,-0.1582977859863108,2.5778692331684385,2.6666666666666665,0.5,0.531192590324556,0.2765055131467345,0.09050856859063487,0.011172161078515817
