split,strategy,regime,n_days,cum_return,mean_daily_bp,sharpe,max_drawdown,win_rate_days,pct_in_market
validation,Buy & Hold,Normal_Market,200.0,0.06359116221368644,3.722434703555888,0.5202404786271619,-0.19917402202920376,0.48,1.0
validation,Buy & Hold,Weak_Bear,182.0,0.14905661744613208,8.386431343732534,1.0800042380352257,-0.11364905788976587,0.521978021978022,1.0
validation,Buy & Hold,High_Volatility,9.0,0.03171859896674856,35.29991513935602,5.054417527937217,-0.02047755962441078,0.6666666666666666,1.0
validation,ARIMA,Normal_Market,200.0,-0.21647905271610945,-11.870631591617105,-2.3480885107650202,-0.24881502803771938,0.42201834862385323,0.545
validation,ARIMA,Weak_Bear,182.0,-0.17123566545118474,-9.883551981700329,-1.6753341639070416,-0.18842770420901367,0.45,0.5494505494505495
validation,ARIMA,High_Volatility,9.0,0.004102880760758376,4.958221050826871,0.8190008628886704,-0.015513955462740814,0.5,0.6666666666666666
validation,XGBoost,Normal_Market,200.0,-0.007321856422606854,-0.004324524125504103,-0.0008016916501414493,-0.17461961833787754,0.5,0.66
validation,XGBoost,Weak_Bear,182.0,-0.005721946643504117,0.20673349040086567,0.031823355235008274,-0.11361613811461979,0.49137931034482757,0.6373626373626373
validation,XGBoost,High_Volatility,9.0,0.01961347853238382,22.02165633331766,3.599098208545474,-0.01635448112839799,0.7142857142857143,0.7777777777777778
validation,PPO regime-blind,Normal_Market,200.0,0.0,0.0,0.0,0.0,,0.0
validation,PPO regime-blind,Weak_Bear,182.0,0.0,0.0,0.0,0.0,,0.0
validation,PPO regime-blind,High_Volatility,9.0,0.0,0.0,0.0,0.0,,0.0
validation,PPO regime-adaptive,Normal_Market,200.0,-0.0031346881557032433,0.03407508322219218,-0.23468897779775902,-0.07947453706786689,0.3804262036306235,0.31333333333333335
validation,PPO regime-adaptive,Weak_Bear,182.0,0.051148735491412044,2.946068225917138,0.40175967014982494,-0.06238433928867415,0.49945054945054945,0.4523809523809524
validation,PPO regime-adaptive,High_Volatility,9.0,0.019991275827225746,22.268989515105677,3.255524218651089,-0.013541034112387643,0.6666666666666666,0.6666666666666666
validation,PPO regime-blind (scaled),Normal_Market,200.0,0.021197835787093295,1.2408470971849606,0.17341895898014717,-0.06639134067640125,0.48,0.3333333333333333
validation,PPO regime-blind (scaled),Weak_Bear,182.0,0.05956054042956264,3.2544998916780425,0.4254737814786163,-0.037883019296588626,0.5248618784530387,0.3315018315018315
validation,PPO regime-blind (scaled),High_Volatility,9.0,0.009584537505450777,10.687885585599963,1.5712577250863182,-0.006825138879203811,0.6666666666666666,0.3333333333333333
validation,PPO regime-adaptive (scaled),Normal_Market,200.0,-0.03900556164917205,-1.9659029092614428,-0.387095012723482,-0.06611811304403918,0.3780487804878049,0.13666666666666666
validation,PPO regime-adaptive (scaled),Weak_Bear,182.0,-0.004272632415892115,-0.22860164592159607,-0.1691083168838943,-0.010654671138179158,0.5,0.007326007326007327
validation,PPO regime-adaptive (scaled),High_Volatility,9.0,0.0,0.0,0.0,0.0,,0.0
test,Buy & Hold,Normal_Market,229.0,-0.08907589098830526,-3.2243966934788397,-0.3937074050606551,-0.2926712853141272,0.5021834061135371,1.0
test,Buy & Hold,Weak_Bear,118.0,-0.10374158446499204,-8.533230559786926,-1.1046713429775823,-0.155833236484633,0.4745762711864407,1.0
test,Buy & Hold,High_Volatility,46.0,0.2702716358942445,53.162787252359195,5.802122076177021,-0.05169695156227261,0.6739130434782609,1.0
test,ARIMA,Normal_Market,229.0,-0.28858293463286255,-14.395745188617548,-2.392358444858285,-0.2898409854270847,0.48695652173913045,0.5021834061135371
test,ARIMA,Weak_Bear,118.0,-0.22941753717458513,-21.631126944984654,-3.6913643803624643,-0.2384029545287124,0.43548387096774194,0.5254237288135594
test,ARIMA,High_Volatility,46.0,0.09535024346789434,20.64295218355588,2.504104896761687,-0.040461806775179854,0.6153846153846154,0.5652173913043478
test,XGBoost,Normal_Market,229.0,-0.1433889221293615,-6.295877374279493,-1.0385976275585287,-0.26748245052658515,0.46153846153846156,0.6812227074235808
test,XGBoost,Weak_Bear,118.0,-0.17917665409667838,-16.310236671163572,-2.8519186050337377,-0.18236663891431415,0.3888888888888889,0.4576271186440678
test,XGBoost,High_Volatility,46.0,0.17346401850312776,35.71823934446576,4.186971934759961,-0.040019428890617825,0.6578947368421053,0.8260869565217391
test,PPO regime-blind,Normal_Market,229.0,-0.05518163973188247,-2.2106785355511582,-0.36416044615663296,-0.17466009096638965,0.5021929824561404,0.5181950509461427
test,PPO regime-blind,Weak_Bear,118.0,-0.034844376879448115,-2.724358349871167,-0.35258615307587315,-0.07862787885774836,0.4831897749374826,0.5056497175141242
test,PPO regime-blind,High_Volatility,46.0,0.15437365951290763,30.83615611977002,3.4801375018047147,-0.03417593577754482,0.6512422360248447,0.5869565217391305
test,PPO regime-adaptive,Normal_Market,229.0,-0.012751506501200013,0.14342661697540804,0.019155936668744673,-0.2553507491926216,0.5043859649122807,0.9956331877729258
test,PPO regime-adaptive,Weak_Bear,118.0,-0.10314502716038103,-8.48642564539196,-1.1057244099588133,-0.15494740208587218,0.4745762711864407,1.0
test,PPO regime-adaptive,High_Volatility,46.0,0.2429693473346357,48.295908162702226,5.395764015910344,-0.0513963369330163,0.6587991718426501,0.9202898550724639
test,PPO regime-blind (scaled),Normal_Market,229.0,-0.004236677452936284,0.04754353405610037,0.0063618285529297046,-0.08497884318672122,0.5043859649122807,0.3318777292576419
test,PPO regime-blind (scaled),Weak_Bear,118.0,-0.034320961300410326,-2.824043862158453,-0.36868193948687455,-0.05155897425103295,0.4745762711864407,0.3333333333333333
test,PPO regime-blind (scaled),High_Volatility,46.0,0.07166464425307033,14.414215867002165,1.7546873590051433,-0.017101518106415914,0.65625,0.2318840579710145
test,PPO regime-adaptive (scaled),Normal_Market,229.0,-0.08266613989715987,-3.5844184940632435,-0.6336783008723527,-0.14805358427847862,0.5042400287459576,0.3435225618631732
test,PPO regime-adaptive (scaled),Weak_Bear,118.0,0.005098397392252041,0.5127681456090615,0.3901536378265116,-0.027800630730579295,0.75,0.09322033898305083
test,PPO regime-adaptive (scaled),High_Volatility,46.0,0.10220226938092895,21.177715276342386,2.750019916441442,-0.034350295785862205,0.6495037220843672,0.41304347826086957
