test_year,hv_days,strategy,total_return,ann_return,sharpe,sortino,max_drawdown,turnover,n_trades,win_rate_trades,win_rate_days,pct_in_market
2021,0,Buy & Hold,0.1874655570807333,0.19160294692603586,0.8086415212223778,1.211398464142841,-0.16550373900598148,0.8984846314394259,1,,0.5465587044534413,1.0
2021,0,ARIMA,-0.3769653177925908,-0.3829042556485025,-2.5368495119735863,-3.208852074485075,-0.39217803192033796,134.14010478680964,135,0.5223880597014925,0.49572649572649574,0.47368421052631576
2021,0,XGBoost,-0.058535537212577204,-0.05968438812591992,-0.23358046548154998,-0.3437033729784546,-0.1541979899224314,75.16304235442578,76,0.47368421052631576,0.5259259259259259,0.5465587044534413
2021,0,PPO regime-blind,0.1331242125988874,0.1359945684141095,0.708136039491178,1.0605340523711966,-0.16542340640957465,0.9353401859808027,1,,0.5618556701030928,0.7854251012145749
2021,0,PPO regime-adaptive,0.0,0.0,0.0,0.0,0.0,0.0,0,,,0.0
2022,3,Buy & Hold,0.056417731377576885,0.057592069821265746,0.34400958213305044,0.49458333702292484,-0.17385151538461996,0.9425710636636917,1,,0.5101214574898786,1.0
2022,3,ARIMA,-0.29327216650110366,-0.29822059200445905,-1.8665264268829558,-2.5490551843969405,-0.2977062036324736,148.2782652213451,149,0.4864864864864865,0.4426229508196721,0.4939271255060729
2022,3,XGBoost,-0.26028821948455316,-0.2647890286456067,-1.4022273826185858,-1.7952175600133664,-0.2953380738086764,97.5237526331483,98,0.4897959183673469,0.496,0.5060728744939271
2022,3,PPO regime-blind,0.0,0.0,0.0,0.0,0.0,0.0,0,,,0.0
2022,3,PPO regime-adaptive,0.0,0.0,0.0,0.0,0.0,0.0,0,,,0.0
2023,0,Buy & Hold,0.08384759210588855,0.08671263370397364,0.567619887320617,0.8662981985372145,-0.15064200133978367,1.0101675674209458,1,,0.5040983606557377,1.0
2023,0,ARIMA,-0.15643719172329773,-0.16112926381287218,-1.224263354249633,-1.7956480979752316,-0.19195347750814917,118.0893818282479,119,0.4406779661016949,0.4652777777777778,0.5901639344262295
2023,0,XGBoost,-0.0447037142089296,-0.046135075938248504,-0.27480477308533985,-0.4164063289458904,-0.1511834129722145,77.0747245423289,77,0.47368421052631576,0.5142857142857142,0.7172131147540983
2023,0,PPO regime-blind,0.0,0.0,0.0,0.0,0.0,0.0,0,,,0.0
2023,0,PPO regime-adaptive,0.0857518859395352,0.08868461901733005,0.5738645848386791,0.8764138344835538,-0.15149873645211331,1.0208021220491172,2,,0.5040983606557377,1.0
2024,29,Buy & Hold,-0.06344336176239396,-0.0651956309896412,-0.18009253748021897,-0.2548799569398007,-0.24697871017518513,0.9101673753265016,1,,0.5102040816326531,1.0
2024,29,ARIMA,-0.33906828141125134,-0.3468420587694703,-2.2050515552207557,-2.9857873454957358,-0.3927195120755148,156.1231448307822,160,0.375,0.4126984126984127,0.5142857142857142
2024,29,XGBoost,-0.11246870811618248,-0.11548906256385905,-0.6746323630294683,-1.0556045641372656,-0.2654232273931242,92.55955405631371,94,0.3404255319148936,0.49635036496350365,0.5591836734693878
2024,29,PPO regime-blind,-0.059723330219567994,-0.06137625532370805,-0.16509444826064593,-0.23361632577209715,-0.24623601477703405,0.9037802337525404,1,,0.5104602510460251,0.9755102040816327
2024,29,PPO regime-adaptive,0.0,0.0,0.0,0.0,0.0,0.0,0,,,0.0
2025,26,Buy & Hold,0.28063421532175936,0.2857536439161068,1.3931246197121698,2.2901456882289635,-0.12086615887344843,0.8750474612993052,1,,0.5120967741935484,1.0
2025,26,ARIMA,-0.11224463336637402,-0.11394776082414348,-0.7959637156972224,-1.286105970071052,-0.14523481220785484,128.62399425921913,130,0.36923076923076925,0.44537815126050423,0.4798387096774194
2025,26,XGBoost,-0.1462641048804173,-0.14843881665972491,-0.9714025389743768,-1.4294539370371535,-0.1899629549747136,83.72065567857777,84,0.42857142857142855,0.44025157232704404,0.6411290322580645
2025,26,PPO regime-blind,0.0,0.0,0.0,0.0,0.0,0.0,0,,,0.0
2025,26,PPO regime-adaptive,0.0,0.0,0.0,0.0,0.0,0.0,0,,,0.0
