test_year,strategy,regime,n_days,cum_return,mean_daily_bp,sharpe,max_drawdown,win_rate_days,pct_in_market
2021,Buy & Hold,Normal_Market,154,0.16085294952730655,10.936957277060525,1.093714066431316,-0.13578260235974304,0.5324675324675324,1.0
2021,Buy & Hold,Weak_Bear,93,0.02292504624661018,3.8439660577416808,0.3616154002700578,-0.16550373900598037,0.5698924731182796,1.0
2021,Buy & Hold,High_Volatility,0,,,,,,
2021,ARIMA,Normal_Market,154,-0.2717000057736497,-19.9914161720758,-2.9585170700593673,-0.31912769985278155,0.45714285714285713,0.45454545454545453
2021,ARIMA,Weak_Bear,93,-0.14453564856987444,-15.954122471631566,-1.9670402316826927,-0.14780446964899008,0.5531914893617021,0.5053763440860215
2021,ARIMA,High_Volatility,0,,,,,,
2021,XGBoost,Normal_Market,154,-0.009089097004774005,0.16941305533132459,0.021647240073152853,-0.14851539293261262,0.5104166666666666,0.6233766233766234
2021,XGBoost,Weak_Bear,93,-0.049899986021286535,-4.9130026580019175,-0.7152978692315325,-0.13623493903045936,0.5641025641025641,0.41935483870967744
2021,XGBoost,High_Volatility,0,,,,,,
2021,PPO regime-blind,Normal_Market,154,0.14279743647583998,9.349596106095715,1.266027748576314,-0.09476331276006666,0.5575221238938053,0.7337662337662337
2021,PPO regime-blind,Weak_Bear,93,-0.008464513104600169,0.2965806083809433,0.030066755484489446,-0.16542340640957487,0.5679012345679012,0.8709677419354839
2021,PPO regime-blind,High_Volatility,0,,,,,,
2021,PPO regime-adaptive,Normal_Market,154,0.0,0.0,0.0,0.0,,0.0
2021,PPO regime-adaptive,Weak_Bear,93,0.0,0.0,0.0,0.0,,0.0
2021,PPO regime-adaptive,High_Volatility,0,,,,,,
2022,Buy & Hold,Normal_Market,234,-0.0396189865708918,-0.37595118571403363,-0.03626848231198825,-0.16767784732608249,0.49572649572649574,1.0
2022,Buy & Hold,Weak_Bear,10,0.10830372811105149,105.01238184329475,8.621578167966952,-0.021287501891183558,0.9,1.0
2022,Buy & Hold,High_Volatility,3,-0.007493585345399678,-24.9496331705068,-7.557312364463949,-0.007493585345399678,0.3333333333333333,1.0
2022,ARIMA,Normal_Market,234,-0.276810722628972,-13.172818322198577,-1.804420929428649,-0.281348039481198,0.4358974358974359,0.5
2022,ARIMA,Weak_Bear,10,-0.020145681632258272,-20.009462503210116,-3.7815872491595672,-0.023814917509584532,0.5,0.4
2022,ARIMA,High_Volatility,3,-0.002670405246859131,-8.897675010915984,-7.5739837731797595,-0.0030328966837783744,1.0,0.3333333333333333
2022,XGBoost,Normal_Market,234,-0.3175111299133665,-15.534767216505152,-1.9850965098014248,-0.33083319452615745,0.47413793103448276,0.49572649572649574
2022,XGBoost,Weak_Bear,10,0.08344834308338256,82.36674385650423,6.3143085393278096,-0.03051908130860126,0.75,0.8
2022,XGBoost,High_Volatility,3,0.0003656071113500303,1.2186903711667678,9.165151389911681,0.0,1.0,0.3333333333333333
2022,PPO regime-blind,Normal_Market,234,0.0,0.0,0.0,0.0,,0.0
2022,PPO regime-blind,Weak_Bear,10,0.0,0.0,0.0,0.0,,0.0
2022,PPO regime-blind,High_Volatility,3,0.0,0.0,0.0,0.0,,0.0
2022,PPO regime-adaptive,Normal_Market,234,0.0,0.0,0.0,0.0,,0.0
2022,PPO regime-adaptive,Weak_Bear,10,0.0,0.0,0.0,0.0,,0.0
2022,PPO regime-adaptive,High_Volatility,3,0.0,0.0,0.0,0.0,,0.0
2023,Buy & Hold,Normal_Market,146,0.006679091049037522,1.0556913150622163,0.15221285670454332,-0.15634509779118222,0.4794520547945205,1.0
2023,Buy & Hold,Weak_Bear,98,0.07665650527859369,8.104986372857137,1.2022487403085655,-0.11271038492420249,0.5408163265306123,1.0
2023,Buy & Hold,High_Volatility,0,,,,,,
2023,ARIMA,Normal_Market,146,-0.15570709976410857,-11.228465909088447,-2.097928525118817,-0.19474170667088242,0.4235294117647059,0.5821917808219178
2023,ARIMA,Weak_Bear,98,-0.0008647377693042912,0.2809313952629302,0.051465118926386166,-0.07131207341871781,0.5254237288135594,0.6020408163265306
2023,ARIMA,High_Volatility,0,,,,,,
2023,XGBoost,Normal_Market,146,-0.021389498657687023,-1.1005579933669432,-0.19925832689932038,-0.13400412060423916,0.5272727272727272,0.7534246575342466
2023,XGBoost,Weak_Bear,98,-0.023823794573288204,-2.0979885745343845,-0.38857941499627807,-0.09613146747209811,0.49230769230769234,0.6632653061224489
2023,XGBoost,High_Volatility,0,,,,,,
2023,PPO regime-blind,Normal_Market,146,0.0,0.0,0.0,0.0,,0.0
2023,PPO regime-blind,Weak_Bear,98,0.0,0.0,0.0,0.0,,0.0
2023,PPO regime-blind,High_Volatility,0,,,,,,
2023,PPO regime-adaptive,Normal_Market,146,0.0075091496957278014,1.1243401358439455,0.1604830087551333,-0.15726484578676414,0.4794520547945205,1.0
2023,PPO regime-adaptive,Weak_Bear,98,0.07765957884098129,8.212957985721106,1.2045910099495185,-0.11385225181540826,0.5408163265306123,1.0
2023,PPO regime-adaptive,High_Volatility,0,,,,,,
2024,Buy & Hold,Normal_Market,104,-0.20409215071832643,-20.77379129236604,-2.1747238433191374,-0.2537231179443742,0.49038461538461536,1.0
2024,Buy & Hold,Weak_Bear,112,0.026580383631772397,3.2818018526822867,0.37646854381620076,-0.08182566386802781,0.48214285714285715,1.0
2024,Buy & Hold,High_Volatility,29,0.14624722529912537,47.99112336510295,5.838480514303728,-0.0266890604441965,0.6896551724137931,1.0
2024,ARIMA,Normal_Market,104,-0.2065594553200808,-21.437643563070992,-2.7216123068153215,-0.26176397656267736,0.43636363636363634,0.5288461538461539
2024,ARIMA,Weak_Bear,112,-0.17646659208426563,-16.7341029324406,-2.4240841818817236,-0.2433170390898305,0.36538461538461536,0.4642857142857143
2024,ARIMA,High_Volatility,29,0.011488579709453939,4.56069048787152,0.6348568389718817,-0.05492350364260834,0.47368421052631576,0.6551724137931034
2024,XGBoost,Normal_Market,104,-0.16575091767227457,-17.081394198072623,-3.3332311920138773,-0.1995399936144432,0.43103448275862066,0.5576923076923077
2024,XGBoost,Weak_Bear,112,-0.07000152665071468,-5.891277918440871,-0.852977704059731,-0.14229867865003132,0.4423076923076923,0.4642857142857143
2024,XGBoost,High_Volatility,29,0.1439464654766125,47.245691862044794,5.928549656268862,-0.026637629634988724,0.7407407407407407,0.9310344827586207
2024,PPO regime-blind,Normal_Market,104,-0.20516825814973294,-20.91695386729755,-2.2026685312055188,-0.252975921555478,0.49038461538461536,1.0
2024,PPO regime-blind,Weak_Bear,112,0.03251711679794411,3.778140187256541,0.4377531754240309,-0.08152586092929981,0.4811320754716981,0.9464285714285714
2024,PPO regime-blind,High_Volatility,29,0.1457324089690608,47.8301511317791,5.838168740291885,-0.026602331937919277,0.6896551724137931,1.0
2024,PPO regime-adaptive,Normal_Market,104,0.0,0.0,0.0,0.0,,0.0
2024,PPO regime-adaptive,Weak_Bear,112,0.0,0.0,0.0,0.0,,0.0
2024,PPO regime-adaptive,High_Volatility,29,0.0,0.0,0.0,0.0,,0.0
2025,Buy & Hold,Normal_Market,134,0.21684606338801382,15.32681491134059,2.0893986374061777,-0.10390563204160974,0.5074626865671642,1.0
2025,Buy & Hold,Weak_Bear,88,-0.07865499596832604,-8.605161001146975,-1.1478279322495628,-0.15010661197045383,0.4772727272727273,1.0
2025,Buy & Hold,High_Volatility,26,0.14226580053727744,52.36565396690408,5.516580501064022,-0.051353264380765706,0.6538461538461539,1.0
2025,ARIMA,Normal_Market,134,-0.030982053104211982,-1.893593989427893,-0.3130178689936013,-0.11269392512380727,0.4305555555555556,0.5373134328358209
2025,ARIMA,Weak_Bear,88,-0.11385995066383592,-13.59327997521352,-4.156352205587251,-0.12800514325232581,0.43243243243243246,0.42045454545454547
2025,ARIMA,High_Volatility,26,0.03385378185244603,13.641823917751083,1.6353085590372345,-0.05180266822332125,0.6,0.38461538461538464
2025,XGBoost,Normal_Market,134,-0.10773042658695797,-8.161384057099609,-1.5601969050127564,-0.11816549052121839,0.4117647058823529,0.6343283582089553
2025,XGBoost,Weak_Bear,88,-0.12989009278092223,-15.351096567729318,-2.564934803944812,-0.17975105591653673,0.39215686274509803,0.5795454545454546
2025,XGBoost,High_Volatility,26,0.09964712794805863,37.633085535063174,4.046488662903286,-0.052164331460598956,0.6521739130434783,0.8846153846153846
2025,PPO regime-blind,Normal_Market,134,0.0,0.0,0.0,0.0,,0.0
2025,PPO regime-blind,Weak_Bear,88,0.0,0.0,0.0,0.0,,0.0
2025,PPO regime-blind,High_Volatility,26,0.0,0.0,0.0,0.0,,0.0
2025,PPO regime-adaptive,Normal_Market,134,0.0,0.0,0.0,0.0,,0.0
2025,PPO regime-adaptive,Weak_Bear,88,0.0,0.0,0.0,0.0,,0.0
2025,PPO regime-adaptive,High_Volatility,26,0.0,0.0,0.0,0.0,,0.0
