year,strategy,port_sharpe,port_return,port_maxdd
2019,Buy & Hold,1.8781800304930087,0.26610596635928196,-0.06090797652805535
2019,Constant 50%,1.844241713284072,0.12933016214251025,-0.03171525109814044
2019,Vol-target,1.4899398986718735,0.14340538281158954,-0.05144304567563851
2020,Buy & Hold,0.9819371553333796,0.3161299739484402,-0.3732448137260206
2020,Constant 50%,1.0153690966668543,0.17065215169140746,-0.19921996573713152
2020,Vol-target,0.7565036946618285,0.0972678842605208,-0.20154795691208816
2021,Buy & Hold,1.6372108604764417,0.28839568200438315,-0.08063968887571293
2021,Constant 50%,1.6419020657092436,0.14179182427049009,-0.04121361794497691
2021,Vol-target,1.9652306329257019,0.2298710074215342,-0.054835220875453894
2022,Buy & Hold,0.039101531522345856,-0.009871850688135786,-0.16299265694287968
2022,Constant 50%,-0.012558849910526852,-0.005273107954858691,-0.08386691065158058
2022,Vol-target,-0.0800395813278169,-0.01737853369128839,-0.1259482112319642
2023,Buy & Hold,0.754980770443728,0.08815188734049584,-0.09294706924020868
2023,Constant 50%,0.740794460650005,0.044549474610530604,-0.04857836798572246
2023,Vol-target,0.8568820043944428,0.0914140973247759,-0.09203283742390311
